CN,PLT_CN,INVYR,STATECD,UNITCD,COUNTYCD,PLOT,SUBP,CONDID,VEG_FLDSPCD,UNIQUE_SP_NBR,VEG_SPCD,COVER_PCT,CREATED_DATE,MODIFIED_DATE,CYCLE,SUBCYCLE
248068009010661,168976388010661,2010,25,1,21,1197.0,4.0,1,FRAL4,1,FRAL4,1,2011-04-26 10:58:00,,6,3
248068010010661,168976388010661,2010,25,1,21,1197.0,4.0,1,POCU6,1,POCU6,1,2011-04-26 10:58:00,,6,3
248068011010661,168976388010661,2010,25,1,21,1197.0,1.0,1,RHCA3,1,RHCA3,2,2011-04-26 10:58:00,,6,3
248068012010661,168976388010661,2010,25,1,21,1197.0,4.0,1,RHCA3,1,RHCA3,1,2011-04-26 10:58:00,,6,3
248068013010661,168976388010661,2010,25,1,21,1197.0,1.0,1,ROMU,1,ROMU,1,2011-04-26 10:58:00,,6,3
248068014010661,168976388010661,2010,25,1,21,1197.0,4.0,1,ROMU,1,ROMU,1,2011-04-26 10:58:00,,6,3
248067959010661,168976390010661,2010,25,1,5,353.0,2.0,2,ACPL,1,ACPL,35,2011-04-26 10:58:00,,6,3
248067960010661,168976390010661,2010,25,1,5,353.0,2.0,2,ALPE4,1,ALPE4,65,2011-04-26 10:58:00,,6,3
248067961010661,168976390010661,2010,25,1,5,353.0,2.0,2,CEOR7,1,CEOR7,10,2011-04-26 10:58:00,,6,3
248067962010661,168976390010661,2010,25,1,5,353.0,2.0,2,LONIC,1,LONIC,25,2011-04-26 10:58:00,,6,3
248067963010661,168976390010661,2010,25,1,5,353.0,2.0,2,ROMU,1,ROMU,20,2011-04-26 10:58:00,,6,3
248067965010661,168976751010661,2010,25,1,11,546.0,2.0,1,ELAN,1,ELAN,1,2011-04-26 10:58:00,,6,3
248067966010661,168976751010661,2010,25,1,11,546.0,1.0,1,LOMO2,1,LOMO2,5,2011-04-26 10:58:00,,6,3
248067967010661,168976751010661,2010,25,1,11,546.0,2.0,1,LOMO2,1,LOMO2,6,2011-04-26 10:58:00,,6,3
248067968010661,168976751010661,2010,25,1,11,546.0,3.0,1,LOMO2,1,LOMO2,2,2011-04-26 10:58:00,,6,3
248067969010661,168976751010661,2010,25,1,11,546.0,2.0,1,RHCA3,1,RHCA3,5,2011-04-26 10:58:00,,6,3
29989808020004,221353928010661,2011,25,1,27,1169.0,1.0,1,PHAR3,1,PHAR3,30,2012-02-28 08:13:44,,6,4
29989809020004,221353928010661,2011,25,1,27,1169.0,2.0,1,PHAR3,1,PHAR3,30,2012-02-28 08:13:44,,6,4
29989810020004,221353928010661,2011,25,1,27,1169.0,3.0,1,PHAR3,1,PHAR3,25,2012-02-28 08:13:44,,6,4
29989811020004,221353928010661,2011,25,1,27,1169.0,4.0,1,PHAR3,1,PHAR3,10,2012-02-28 08:13:44,,6,4
29989915020004,221353978010661,2011,25,1,17,25.0,3.0,2,CEOR7,1,CEOR7,4,2012-02-28 08:13:47,,6,4
29989916020004,221353978010661,2011,25,1,17,25.0,4.0,2,CEOR7,1,CEOR7,40,2012-02-28 08:13:47,,6,4
29989917020004,221353978010661,2011,25,1,17,25.0,4.0,2,LOMO2,1,LOMO2,20,2012-02-28 08:13:47,,6,4
29989918020004,221353978010661,2011,25,1,17,25.0,4.0,2,RHCA3,1,RHCA3,15,2012-02-28 08:13:47,,6,4
29989919020004,221353978010661,2011,25,1,17,25.0,4.0,2,ROMU,1,ROMU,2,2012-02-28 08:13:47,,6,4
29989990020004,221354012010661,2011,25,1,21,853.0,2.0,1,BETH,1,BETH,3,2012-02-28 08:13:49,,6,4
29989991020004,221354012010661,2011,25,1,21,853.0,1.0,1,CEOR7,1,CEOR7,1,2012-02-28 08:13:49,,6,4
29989992020004,221354012010661,2011,25,1,21,853.0,2.0,1,CEOR7,1,CEOR7,2,2012-02-28 08:13:49,,6,4
29989993020004,221354012010661,2011,25,1,21,853.0,4.0,1,CEOR7,1,CEOR7,1,2012-02-28 08:13:49,,6,4
29989994020004,221354012010661,2011,25,1,21,853.0,1.0,1,FRAL4,1,FRAL4,15,2012-02-28 08:13:49,,6,4
29989995020004,221354012010661,2011,25,1,21,853.0,2.0,1,FRAL4,1,FRAL4,40,2012-02-28 08:13:49,,6,4
29989996020004,221354012010661,2011,25,1,21,853.0,3.0,1,FRAL4,1,FRAL4,4,2012-02-28 08:13:49,,6,4
29989997020004,221354012010661,2011,25,1,21,853.0,4.0,1,FRAL4,1,FRAL4,15,2012-02-28 08:13:49,,6,4
29989998020004,221354012010661,2011,25,1,21,853.0,1.0,1,LOBE,1,LOBE,5,2012-02-28 08:13:49,,6,4
29989999020004,221354012010661,2011,25,1,21,853.0,2.0,1,LOBE,1,LOBE,2,2012-02-28 08:13:49,,6,4
248067972010661,168976506010661,2010,25,1,11,1270.0,3.0,2,BETH,1,BETH,1,2011-04-26 10:58:00,,6,3
222850230010661,122556193010661,2007,25,1,1,423.0,1.0,1,FRAL4,1,FRAL4,1,2010-03-01 10:57:17,2012-02-28 07:13:44,5,5
222850271010661,122556333010661,2007,25,1,17,885.0,1.0,1,FRAL4,1,FRAL4,10,2010-03-01 10:57:17,2012-02-28 07:13:44,5,5
222850270010661,122556333010661,2007,25,1,17,885.0,2.0,1,CEOR7,1,CEOR7,1,2010-03-01 10:57:17,2012-02-28 07:14:12,5,5
222850272010661,122556333010661,2007,25,1,17,885.0,2.0,1,FRAL4,1,FRAL4,10,2010-03-01 10:57:17,2012-02-28 07:13:44,5,5
222850275010661,122556333010661,2007,25,1,17,885.0,2.0,1,ROMU,1,ROMU,1,2010-03-01 10:57:17,2012-02-28 07:13:44,5,5
222850273010661,122556333010661,2007,25,1,17,885.0,3.0,1,FRAL4,1,FRAL4,2,2010-03-01 10:57:17,2012-02-28 07:13:44,5,5
222850274010661,122556333010661,2007,25,1,17,885.0,4.0,1,FRAL4,1,FRAL4,30,2010-03-01 10:57:17,2012-02-28 07:13:44,5,5
222850276010661,122556333010661,2007,25,1,17,885.0,4.0,1,ROMU,1,ROMU,1,2010-03-01 10:57:17,2012-02-28 07:13:44,5,5
222850240010661,122556247010661,2007,25,1,9,282.0,1.0,1,FRAL4,1,FRAL4,20,2010-03-01 10:57:17,2012-02-28 07:13:17,5,5
222850241010661,122556247010661,2007,25,1,9,282.0,2.0,1,FRAL4,1,FRAL4,50,2010-03-01 10:57:17,2012-02-28 07:13:17,5,5
222850242010661,122556247010661,2007,25,1,9,282.0,3.0,1,FRAL4,1,FRAL4,15,2010-03-01 10:57:17,2012-02-28 07:13:17,5,5
222850243010661,122556247010661,2007,25,1,9,282.0,4.0,1,FRAL4,1,FRAL4,5,2010-03-01 10:57:17,2012-02-28 07:13:17,5,5
222850231010661,122556645010661,2007,25,1,3,993.0,2.0,1,CEOR7,1,CEOR7,15,2010-03-01 10:57:17,2012-02-28 07:14:28,5,5
222850232010661,122556645010661,2007,25,1,3,993.0,4.0,1,CEOR7,1,CEOR7,20,2010-03-01 10:57:17,2012-02-28 07:14:28,5,5
222850262010661,122556335010661,2007,25,1,17,933.0,1.0,1,CEOR7,1,CEOR7,10,2010-03-01 10:57:17,2012-02-28 07:12:39,5,5
222850264010661,122556335010661,2007,25,1,17,933.0,1.0,1,FRAL4,1,FRAL4,15,2010-03-01 10:57:17,2012-02-28 07:14:58,5,5
222850265010661,122556335010661,2007,25,1,17,933.0,2.0,1,FRAL4,1,FRAL4,5,2010-03-01 10:57:17,2012-02-28 07:14:58,5,5
222850263010661,122556335010661,2007,25,1,17,933.0,3.0,1,CEOR7,1,CEOR7,5,2010-03-01 10:57:17,2012-02-28 07:12:39,5,5
222850266010661,122556335010661,2007,25,1,17,933.0,3.0,1,FRAL4,1,FRAL4,5,2010-03-01 10:57:17,2012-02-28 07:14:58,5,5
222850267010661,122556335010661,2007,25,1,17,933.0,4.0,1,FRAL4,1,FRAL4,5,2010-03-01 10:57:17,2012-02-28 07:14:58,5,5
222850249010661,122556467010661,2007,25,1,13,816.0,4.0,1,ROMU,1,ROMU,40,2010-03-01 10:57:17,2012-02-28 07:13:13,5,5
222850244010661,122556435010661,2007,25,1,11,851.0,1.0,1,FRAL4,1,FRAL4,5,2010-03-01 10:57:17,2012-02-28 07:14:12,5,5
222850245010661,122556435010661,2007,25,1,11,851.0,2.0,1,FRAL4,1,FRAL4,5,2010-03-01 10:57:17,2012-02-28 07:14:12,5,5
222850246010661,122556435010661,2007,25,1,11,851.0,3.0,1,FRAL4,1,FRAL4,11,2010-03-01 10:57:17,2012-02-28 07:14:12,5,5
222850247010661,122556435010661,2007,25,1,11,851.0,4.0,1,FRAL4,1,FRAL4,25,2010-03-01 10:57:17,2012-02-28 07:14:12,5,5
222850237010661,122556539010661,2007,25,1,3,656.0,2.0,2,ROMU,1,ROMU,2,2010-03-01 10:57:17,2012-02-28 07:12:49,5,5
222850235010661,122556539010661,2007,25,1,3,656.0,2.0,2,BETH,1,BETH,7,2010-03-01 10:57:17,2012-02-28 07:13:18,5,5
222850236010661,122556539010661,2007,25,1,3,656.0,2.0,2,RHCA3,1,RHCA3,8,2010-03-01 10:57:17,2012-02-28 07:11:59,5,5
222850250010661,122556571010661,2007,25,1,15,244.0,1.0,1,BETH,1,BETH,20,2010-03-01 10:57:17,2012-02-28 07:13:45,5,5
222850254010661,122556571010661,2007,25,1,15,244.0,1.0,1,CEOR7,1,CEOR7,5,2010-03-01 10:57:17,2012-02-28 07:12:00,5,5
222850251010661,122556571010661,2007,25,1,15,244.0,2.0,1,BETH,1,BETH,5,2010-03-01 10:57:17,2012-02-28 07:13:45,5,5
222850252010661,122556571010661,2007,25,1,15,244.0,3.0,1,BETH,1,BETH,30,2010-03-01 10:57:17,2012-02-28 07:13:45,5,5
222850256010661,122556571010661,2007,25,1,15,244.0,3.0,1,MIVI,1,MIVI,15,2010-03-01 10:57:17,2012-02-28 07:13:45,5,5
222850253010661,122556571010661,2007,25,1,15,244.0,4.0,1,BETH,1,BETH,85,2010-03-01 10:57:17,2012-02-28 07:13:45,5,5
222850255010661,122556571010661,2007,25,1,15,244.0,4.0,1,LOBE,1,LOBE,10,2010-03-01 10:57:17,2012-02-28 07:12:23,5,5
222850257010661,122556571010661,2007,25,1,15,244.0,4.0,1,MIVI,1,MIVI,1,2010-03-01 10:57:17,2012-02-28 07:13:45,5,5
222850281010661,122556305010661,2007,25,1,21,853.0,1.0,1,FRAL4,1,FRAL4,10,2010-03-01 10:57:17,2012-02-28 07:13:46,5,5
222850280010661,122556305010661,2007,25,1,21,853.0,2.0,1,BETH,1,BETH,1,2010-03-01 10:57:17,2012-02-28 07:13:20,5,5
222850282010661,122556305010661,2007,25,1,21,853.0,2.0,1,FRAL4,1,FRAL4,55,2010-03-01 10:57:17,2012-02-28 07:13:46,5,5
222850285010661,122556305010661,2007,25,1,21,853.0,2.0,1,RHCA3,1,RHCA3,3,2010-03-01 10:57:17,2012-02-28 07:12:51,5,5
251790317489998,14520746020004,2013,25,1,23,539.0,3.0,1,FRAL4,1,FRAL4,6,2014-04-22 11:54:02,,7,1
251790318489998,14520746020004,2013,25,1,23,539.0,4.0,1,FRAL4,1,FRAL4,1,2014-04-22 11:54:02,,7,1
251791044489998,14520606020004,2013,25,1,11,28.0,4.0,3,CEOR7,1,CEOR7,1,2014-04-22 11:54:03,,7,1
251791045489998,14520606020004,2013,25,1,11,28.0,4.0,3,FRAL4,1,FRAL4,7,2014-04-22 11:54:03,,7,1
251791046489998,14520606020004,2013,25,1,11,28.0,4.0,3,ROPS,1,ROPS,7,2014-04-22 11:54:03,,7,1
251788754489998,14520702020004,2013,25,1,9,810.0,2.0,2,CEOR7,1,CEOR7,2,2014-04-22 11:53:48,,7,1
251788755489998,14520702020004,2013,25,1,9,810.0,2.0,2,FRAL4,1,FRAL4,39,2014-04-22 11:53:48,,7,1
251788756489998,14520702020004,2013,25,1,9,810.0,2.0,2,ROMU,1,ROMU,1,2014-04-22 11:53:48,,7,1
251788757489998,14520702020004,2013,25,1,9,810.0,4.0,2,ROMU,1,ROMU,1,2014-04-22 11:53:48,,7,1
309989405489998,168262664020004,2014,25,1,21,474.0,3.0,2,ACPL,1,ACPL,45,2015-03-04 11:16:18,,7,2
309989406489998,168262664020004,2014,25,1,21,474.0,4.0,3,CEOR7,1,CEOR7,1,2015-03-04 11:16:18,,7,2
309989407489998,168262664020004,2014,25,1,21,474.0,2.0,2,FRAL4,1,FRAL4,3,2015-03-04 11:16:18,,7,2
309989408489998,168262664020004,2014,25,1,21,474.0,3.0,2,FRAL4,1,FRAL4,3,2015-03-04 11:16:18,,7,2
309989409489998,168262664020004,2014,25,1,21,474.0,4.0,3,FRAL4,1,FRAL4,25,2015-03-04 11:16:18,,7,2
309989410489998,168262664020004,2014,25,1,21,474.0,4.0,3,LONIC,1,LONIC,3,2015-03-04 11:16:18,,7,2
309990087489998,168262700020004,2014,25,1,17,436.0,2.0,1,CEOR7,1,CEOR7,1,2015-03-04 11:16:39,,7,2
309990088489998,168262700020004,2014,25,1,17,436.0,1.0,1,FRAL4,1,FRAL4,2,2015-03-04 11:16:39,,7,2
309990089489998,168262700020004,2014,25,1,17,436.0,2.0,1,FRAL4,1,FRAL4,7,2015-03-04 11:16:39,,7,2
29990000020004,221354012010661,2011,25,1,21,853.0,3.0,1,LOBE,1,LOBE,7,2012-02-28 08:13:49,,6,4
29990001020004,221354012010661,2011,25,1,21,853.0,4.0,1,LOBE,1,LOBE,3,2012-02-28 08:13:49,,6,4
29990002020004,221354012010661,2011,25,1,21,853.0,1.0,1,PHAR3,1,PHAR3,5,2012-02-28 08:13:49,,6,4
29990003020004,221354012010661,2011,25,1,21,853.0,2.0,1,PHAR3,1,PHAR3,5,2012-02-28 08:13:49,,6,4
29990004020004,221354012010661,2011,25,1,21,853.0,3.0,1,PHAR3,1,PHAR3,25,2012-02-28 08:13:49,,6,4
29990005020004,221354012010661,2011,25,1,21,853.0,4.0,1,PHAR3,1,PHAR3,5,2012-02-28 08:13:49,,6,4
29990006020004,221354012010661,2011,25,1,21,853.0,2.0,1,RHCA3,1,RHCA3,15,2012-02-28 08:13:49,,6,4
29990007020004,221354012010661,2011,25,1,21,853.0,3.0,1,RHCA3,1,RHCA3,10,2012-02-28 08:13:49,,6,4
29990008020004,221354012010661,2011,25,1,21,853.0,2.0,1,ROMU,1,ROMU,1,2012-02-28 08:13:49,,6,4
29990043020004,221354028010661,2011,25,1,9,282.0,1.0,1,FRAL4,1,FRAL4,25,2012-02-28 08:13:49,,6,4
29990044020004,221354028010661,2011,25,1,9,282.0,2.0,1,FRAL4,1,FRAL4,25,2012-02-28 08:13:49,,6,4
29990045020004,221354028010661,2011,25,1,9,282.0,3.0,1,FRAL4,1,FRAL4,8,2012-02-28 08:13:49,,6,4
29990046020004,221354028010661,2011,25,1,9,282.0,4.0,1,FRAL4,1,FRAL4,4,2012-02-28 08:13:49,,6,4
29990047020004,221354028010661,2011,25,1,9,282.0,1.0,1,LONIC,1,LONIC,2,2012-02-28 08:13:49,,6,4
29990109020004,221354058010661,2011,25,1,23,910.0,1.0,1,MIVI,1,MIVI,5,2012-02-28 08:13:51,,6,4
29990131020004,221354068010661,2011,25,1,1,423.0,1.0,1,FRAL4,1,FRAL4,13,2012-02-28 08:13:52,,6,4
29990232020004,221354114010661,2011,25,1,3,993.0,2.0,1,CEOR7,1,CEOR7,15,2012-02-28 08:13:54,,6,4
29990233020004,221354114010661,2011,25,1,3,993.0,3.0,1,CEOR7,1,CEOR7,1,2012-02-28 08:13:54,,6,4
29990234020004,221354114010661,2011,25,1,3,993.0,4.0,1,CEOR7,1,CEOR7,65,2012-02-28 08:13:54,,6,4
467830982489998,304151965489998,2016,25,1,3,14.0,1.0,1,BETH,1,BETH,3,2017-04-25 11:56:41,,7,4
467831143489998,304151971489998,2016,25,1,17,21.0,1.0,1,CEOR7,1,CEOR7,1,2017-04-25 11:56:41,,7,4
467831144489998,304151971489998,2016,25,1,17,21.0,3.0,1,ELUM,1,ELUM,1,2017-04-25 11:56:41,,7,4
467831145489998,304151971489998,2016,25,1,17,21.0,1.0,1,FRAL4,1,FRAL4,1,2017-04-25 11:56:41,,7,4
467831146489998,304151971489998,2016,25,1,17,21.0,2.0,1,FRAL4,1,FRAL4,2,2017-04-25 11:56:41,,7,4
467831147489998,304151971489998,2016,25,1,17,21.0,3.0,1,FRAL4,1,FRAL4,1,2017-04-25 11:56:41,,7,4
467831148489998,304151971489998,2016,25,1,17,21.0,1.0,1,LONIC,1,LONIC,1,2017-04-25 11:56:41,,7,4
467831149489998,304151971489998,2016,25,1,17,21.0,3.0,1,LONIC,1,LONIC,1,2017-04-25 11:56:41,,7,4
467831150489998,304151971489998,2016,25,1,17,21.0,2.0,1,ROMU,1,ROMU,2,2017-04-25 11:56:41,,7,4
525593559126144,374002627489998,2017,25,1,17,25.0,4.0,3,ALPE4,1,ALPE4,10,2018-04-04 14:29:39,,7,5
525593565126144,374002627489998,2017,25,1,17,25.0,4.0,3,CEOR7,1,CEOR7,75,2018-04-04 14:29:39,,7,5
525593570126144,374002627489998,2017,25,1,17,25.0,4.0,3,ELUM,1,ELUM,1,2018-04-04 14:29:39,,7,5
525593571126144,374002627489998,2017,25,1,17,25.0,4.0,3,FRAL4,1,FRAL4,2,2018-04-04 14:29:39,,7,5
525593572126144,374002627489998,2017,25,1,17,25.0,4.0,3,LONIC,1,LONIC,10,2018-04-04 14:29:39,,7,5
525593573126144,374002627489998,2017,25,1,17,25.0,4.0,3,ROMU,1,ROMU,5,2018-04-04 14:29:39,,7,5
525593754126144,374002647489998,2017,25,1,13,382.0,2.0,1,RHCA3,1,RHCA3,2,2018-04-04 14:29:40,,7,5
525594435126144,374002623489998,2017,25,1,17,994.0,3.0,2,BETH,1,BETH,1,2018-04-04 14:29:42,,7,5
525594436126144,374002623489998,2017,25,1,17,994.0,3.0,2,CEOR7,1,CEOR7,5,2018-04-04 14:29:42,,7,5
525594437126144,374002623489998,2017,25,1,17,994.0,3.0,2,CESTM,1,CESTM,1,2018-04-04 14:29:42,,7,5
525594438126144,374002623489998,2017,25,1,17,994.0,3.0,2,ELUM,1,ELUM,10,2018-04-04 14:29:42,,7,5
525594439126144,374002623489998,2017,25,1,17,994.0,1.0,2,FRAL4,1,FRAL4,5,2018-04-04 14:29:42,,7,5
525594440126144,374002623489998,2017,25,1,17,994.0,4.0,2,FRAL4,1,FRAL4,1,2018-04-04 14:29:42,,7,5
525594441126144,374002623489998,2017,25,1,17,994.0,1.0,2,LONIC,1,LONIC,1,2018-04-04 14:29:42,,7,5
525594442126144,374002623489998,2017,25,1,17,994.0,3.0,2,LONIC,1,LONIC,7,2018-04-04 14:29:42,,7,5
525594443126144,374002623489998,2017,25,1,17,994.0,3.0,2,ROMU,1,ROMU,5,2018-04-04 14:29:42,,7,5
525594613126144,374002645489998,2017,25,1,27,606.0,1.0,1,FRAL4,1,FRAL4,1,2018-04-04 14:29:43,,7,5
525594614126144,374002645489998,2017,25,1,27,606.0,3.0,1,FRAL4,1,FRAL4,3,2018-04-04 14:29:43,,7,5
525594615126144,374002645489998,2017,25,1,27,606.0,1.0,1,RHCA3,1,RHCA3,3,2018-04-04 14:29:43,,7,5
525594616126144,374002645489998,2017,25,1,27,606.0,3.0,1,RHCA3,1,RHCA3,11,2018-04-04 14:29:43,,7,5
639551860126144,445526325489998,2018,25,1,21,1060.0,4.0,2,ACPL,1,ACPL,11,2019-04-04 11:11:11,,7,6
639551861126144,445526325489998,2018,25,1,21,1060.0,4.0,2,CEOR7,1,CEOR7,5,2019-04-04 11:11:11,,7,6
639551862126144,445526325489998,2018,25,1,21,1060.0,4.0,2,RHCA3,1,RHCA3,3,2019-04-04 11:11:11,,7,6
639551863126144,445526325489998,2018,25,1,21,1060.0,4.0,2,ROMU,1,ROMU,15,2019-04-04 11:11:11,,7,6
639552389126144,445526318489998,2018,25,1,9,460.0,3.0,1,ACPL,1,ACPL,3,2019-04-04 11:11:14,,7,6
639552390126144,445526318489998,2018,25,1,9,460.0,1.0,1,FRAL4,1,FRAL4,4,2019-04-04 11:11:14,,7,6
639552391126144,445526318489998,2018,25,1,9,460.0,2.0,1,FRAL4,1,FRAL4,2,2019-04-04 11:11:14,,7,6
639552392126144,445526318489998,2018,25,1,9,460.0,3.0,1,FRAL4,1,FRAL4,2,2019-04-04 11:11:14,,7,6
745140882290487,511303147126144,2019,25,1,11,851.0,4.0,1,FRAL4,1,FRAL4,22,2020-04-30 12:15:47,,7,7
745141791290487,511303133126144,2019,25,1,27,1055.0,2.0,1,RHCA3,1,RHCA3,1,2020-04-30 12:15:55,,7,7
745141187290487,511303178126144,2019,25,1,23,539.0,1.0,1,FRAL4,1,FRAL4,2,2020-04-30 12:15:52,,8,1
745141188290487,511303178126144,2019,25,1,23,539.0,3.0,1,FRAL4,1,FRAL4,45,2020-04-30 12:15:52,,8,1
745141189290487,511303178126144,2019,25,1,23,539.0,4.0,1,FRAL4,1,FRAL4,2,2020-04-30 12:15:52,,8,1
745142050290487,511303208126144,2019,25,1,13,605.0,4.0,2,FRAL4,1,FRAL4,1,2020-04-30 12:15:57,,8,1
1281168385290487,570428848126144,2020,25,1,11,28.0,4.0,3,FRAL4,1,FRAL4,7,2023-01-13 08:12:38,,8,2
1281168386290487,570428848126144,2020,25,1,11,28.0,4.0,3,ROPS,1,ROPS,5,2023-01-13 08:12:38,,8,2
1281168317290487,570428795126144,2020,25,1,9,810.0,2.0,2,CEOR7,1,CEOR7,5,2023-01-13 08:12:37,,8,2
1281168318290487,570428795126144,2020,25,1,9,810.0,2.0,2,FRAL4,1,FRAL4,50,2023-01-13 08:12:37,,8,2
1281168319290487,570428795126144,2020,25,1,9,810.0,2.0,2,ROMU,1,ROMU,2,2023-01-13 08:12:37,,8,2
1281168976290487,570428803126144,2020,25,1,21,141.0,1.0,1,FRAL4,1,FRAL4,1,2023-01-13 08:12:41,,8,2
1295126156290487,719427444290487,2021,25,1,21,474.0,3.0,2,ACPL,1,ACPL,40,2023-03-22 07:17:03,,8,3
1295126157290487,719427444290487,2021,25,1,21,474.0,2.0,2,CEOR7,1,CEOR7,1,2023-03-22 07:17:03,,8,3
1295126158290487,719427444290487,2021,25,1,21,474.0,4.0,3,CEOR7,1,CEOR7,1,2023-03-22 07:17:03,,8,3
1295126159290487,719427444290487,2021,25,1,21,474.0,2.0,2,FRAL4,1,FRAL4,1,2023-03-22 07:17:03,,8,3
1295126160290487,719427444290487,2021,25,1,21,474.0,3.0,2,FRAL4,1,FRAL4,2,2023-03-22 07:17:03,,8,3
1295126161290487,719427444290487,2021,25,1,21,474.0,4.0,3,FRAL4,1,FRAL4,35,2023-03-22 07:17:03,,8,3
1295126162290487,719427444290487,2021,25,1,21,474.0,4.0,3,LONIC,1,LONIC,10,2023-03-22 07:17:03,,8,3
1295126163290487,719427444290487,2021,25,1,21,474.0,2.0,2,POCU6,1,POCU6,1,2023-03-22 07:17:03,,8,3
1295126164290487,719427444290487,2021,25,1,21,474.0,4.0,3,ROMU,1,ROMU,2,2023-03-22 07:17:03,,8,3
1295126289290487,719427514290487,2021,25,1,15,496.0,2.0,1,CEOR7,1,CEOR7,1,2023-03-22 07:17:03,,8,3
1295127480290487,719427470290487,2021,25,1,17,436.0,2.0,1,CEOR7,1,CEOR7,3,2023-03-22 07:17:07,,8,3
1295127481290487,719427470290487,2021,25,1,17,436.0,4.0,1,CEOR7,1,CEOR7,4,2023-03-22 07:17:07,,8,3
1295127482290487,719427470290487,2021,25,1,17,436.0,2.0,1,FRAL4,1,FRAL4,3,2023-03-22 07:17:07,,8,3
1295127483290487,719427470290487,2021,25,1,17,436.0,3.0,1,FRAL4,1,FRAL4,1,2023-03-22 07:17:07,,8,3
1295127484290487,719427470290487,2021,25,1,17,436.0,4.0,1,FRAL4,1,FRAL4,1,2023-03-22 07:17:07,,8,3
1295127485290487,719427470290487,2021,25,1,17,436.0,2.0,1,ROMU,1,ROMU,1,2023-03-22 07:17:07,,8,3
1295127486290487,719427470290487,2021,25,1,17,436.0,4.0,1,ROMU,1,ROMU,1,2023-03-22 07:17:07,,8,3
1683680870290487,815125893290487,2022,25,1,21,1197.0,3.0,1,BETH,1,BETH,1,2024-10-09 15:04:01,,8,4
1683680871290487,815125893290487,2022,25,1,21,1197.0,1.0,1,ROMU,1,ROMU,1,2024-10-09 15:04:01,,8,4
1683680976290487,815125910290487,2022,25,1,15,67.0,4.0,1,CEOR7,1,CEOR7,1,2024-10-09 15:04:01,,8,4
1683681131290487,815125936290487,2022,25,1,3,1021.0,3.0,1,FRAL4,1,FRAL4,1,2024-10-09 15:04:02,,8,4
1683679575290487,815125900290487,2022,25,1,27,1136.0,1.0,1,FRAL4,1,FRAL4,22,2024-10-09 15:03:55,,8,4
1683679576290487,815125900290487,2022,25,1,27,1136.0,2.0,1,FRAL4,1,FRAL4,25,2024-10-09 15:03:55,,8,4
1683679577290487,815125900290487,2022,25,1,27,1136.0,4.0,1,FRAL4,1,FRAL4,2,2024-10-09 15:03:55,,8,4
1683680074290487,815125877290487,2022,25,1,19,1073.0,1.0,1,LIVU,1,LIVU,15,2024-10-09 15:03:59,,8,4
1683680075290487,815125877290487,2022,25,1,19,1073.0,3.0,1,LIVU,1,LIVU,15,2024-10-09 15:03:59,,8,4
1683680334290487,815125904290487,2022,25,1,13,804.0,3.0,1,BETH,1,BETH,2,2024-10-09 15:04:00,,8,4
1683680335290487,815125904290487,2022,25,1,13,804.0,3.0,1,CEOR7,1,CEOR7,1,2024-10-09 15:04:00,,8,4
1683680336290487,815125904290487,2022,25,1,13,804.0,4.0,1,CEOR7,1,CEOR7,1,2024-10-09 15:04:00,,8,4
1683680337290487,815125904290487,2022,25,1,13,804.0,3.0,1,ROMU,1,ROMU,1,2024-10-09 15:04:00,,8,4
1683680485290487,815125919290487,2022,25,1,3,975.0,1.0,2,ALPE4,1,ALPE4,1,2024-10-09 15:04:00,,8,4
1683680486290487,815125919290487,2022,25,1,3,975.0,1.0,1,BETH,1,BETH,1,2024-10-09 15:04:00,,8,4
1683680487290487,815125919290487,2022,25,1,3,975.0,1.0,2,BETH,1,BETH,1,2024-10-09 15:04:00,,8,4
1683680488290487,815125919290487,2022,25,1,3,975.0,1.0,2,RHCA3,1,RHCA3,1,2024-10-09 15:04:00,,8,4
1683680489290487,815125919290487,2022,25,1,3,975.0,2.0,1,RHCA3,1,RHCA3,1,2024-10-09 15:04:00,,8,4
1683680490290487,815125919290487,2022,25,1,3,975.0,3.0,2,ROMU,1,ROMU,1,2024-10-09 15:04:00,,8,4
1683680491290487,815125919290487,2022,25,1,3,975.0,3.0,2,ROPS,1,ROPS,25,2024-10-09 15:04:00,,8,4
1697547423290487,1093594232290487,2023,25,1,11,546.0,2.0,1,BETH,1,BETH,1,2024-12-04 08:11:04,,8,5
1697547424290487,1093594232290487,2023,25,1,11,546.0,1.0,1,CEOR7,1,CEOR7,5,2024-12-04 08:11:04,,8,5
1697547425290487,1093594232290487,2023,25,1,11,546.0,2.0,1,CEOR7,1,CEOR7,12,2024-12-04 08:11:04,,8,5
1697547426290487,1093594232290487,2023,25,1,11,546.0,3.0,1,CEOR7,1,CEOR7,2,2024-12-04 08:11:04,,8,5
1697547427290487,1093594232290487,2023,25,1,11,546.0,2.0,1,ELUM,1,ELUM,4,2024-12-04 08:11:04,,8,5
1697547428290487,1093594232290487,2023,25,1,11,546.0,1.0,1,LONIC,1,LONIC,4,2024-12-04 08:11:04,,8,5
1697547429290487,1093594232290487,2023,25,1,11,546.0,2.0,1,LONIC,1,LONIC,20,2024-12-04 08:11:04,,8,5
1697547430290487,1093594232290487,2023,25,1,11,546.0,3.0,1,LONIC,1,LONIC,4,2024-12-04 08:11:04,,8,5
1697547431290487,1093594232290487,2023,25,1,11,546.0,2.0,1,RHCA3,1,RHCA3,12,2024-12-04 08:11:04,,8,5
1697547432290487,1093594232290487,2023,25,1,11,546.0,1.0,1,ROMU,1,ROMU,1,2024-12-04 08:11:04,,8,5
1697547433290487,1093594232290487,2023,25,1,11,546.0,2.0,1,ROMU,1,ROMU,1,2024-12-04 08:11:04,,8,5
1697547434290487,1093594232290487,2023,25,1,11,546.0,3.0,1,ROMU,1,ROMU,1,2024-12-04 08:11:04,,8,5
1697547616290487,1093594200290487,2023,25,1,17,410.0,1.0,2,CEOR7,1,CEOR7,1,2024-12-04 08:11:05,,8,5
1697547617290487,1093594200290487,2023,25,1,17,410.0,1.0,3,CEOR7,1,CEOR7,1,2024-12-04 08:11:05,,8,5
1697547618290487,1093594200290487,2023,25,1,17,410.0,1.0,2,FRAL4,1,FRAL4,30,2024-12-04 08:11:05,,8,5
1697547619290487,1093594200290487,2023,25,1,17,410.0,1.0,3,FRAL4,1,FRAL4,10,2024-12-04 08:11:05,,8,5
1697547620290487,1093594200290487,2023,25,1,17,410.0,2.0,3,FRAL4,1,FRAL4,30,2024-12-04 08:11:05,,8,5
1697547621290487,1093594200290487,2023,25,1,17,410.0,3.0,2,FRAL4,1,FRAL4,25,2024-12-04 08:11:05,,8,5
1697547622290487,1093594200290487,2023,25,1,17,410.0,4.0,3,FRAL4,1,FRAL4,25,2024-12-04 08:11:05,,8,5
1697547623290487,1093594200290487,2023,25,1,17,410.0,2.0,3,ROMU,1,ROMU,1,2024-12-04 08:11:05,,8,5
1697547624290487,1093594200290487,2023,25,1,17,410.0,4.0,3,ROMU,1,ROMU,1,2024-12-04 08:11:05,,8,5
1697548010290487,1093594182290487,2023,25,1,13,858.0,2.0,1,BETH,1,BETH,1,2024-12-04 08:11:07,,8,5
1697548357290487,1093594114290487,2023,25,1,3,892.0,2.0,1,BETH,1,BETH,2,2024-12-04 08:11:08,,8,5
1697548358290487,1093594114290487,2023,25,1,3,892.0,3.0,1,BETH,1,BETH,5,2024-12-04 08:11:08,,8,5
1697548359290487,1093594114290487,2023,25,1,3,892.0,3.0,2,BETH,1,BETH,30,2024-12-04 08:11:08,,8,5
1697548360290487,1093594114290487,2023,25,1,3,892.0,4.0,1,BETH,1,BETH,15,2024-12-04 08:11:08,,8,5
1697548361290487,1093594114290487,2023,25,1,3,892.0,1.0,1,CEOR7,1,CEOR7,3,2024-12-04 08:11:08,,8,5
29989460020004,221353778010661,2011,25,1,3,892.0,2.0,1,BETH,1,BETH,2,2012-02-28 08:13:23,,6,4
29989461020004,221353778010661,2011,25,1,3,892.0,3.0,1,BETH,1,BETH,11,2012-02-28 08:13:24,,6,4
29989462020004,221353778010661,2011,25,1,3,892.0,3.0,2,BETH,1,BETH,17,2012-02-28 08:13:24,,6,4
29989463020004,221353778010661,2011,25,1,3,892.0,4.0,1,BETH,1,BETH,12,2012-02-28 08:13:24,,6,4
29989464020004,221353778010661,2011,25,1,3,892.0,3.0,1,CEOR7,1,CEOR7,8,2012-02-28 08:13:24,,6,4
29989465020004,221353778010661,2011,25,1,3,892.0,3.0,2,CEOR7,1,CEOR7,21,2012-02-28 08:13:24,,6,4
29989466020004,221353778010661,2011,25,1,3,892.0,4.0,1,CEOR7,1,CEOR7,10,2012-02-28 08:13:24,,6,4
29989467020004,221353778010661,2011,25,1,3,892.0,3.0,2,LIVU,1,LIVU,5,2012-02-28 08:13:24,,6,4
29989468020004,221353778010661,2011,25,1,3,892.0,4.0,1,LIVU,1,LIVU,1,2012-02-28 08:13:24,,6,4
29989469020004,221353778010661,2011,25,1,3,892.0,1.0,1,LOBE,1,LOBE,3,2012-02-28 08:13:24,,6,4
29989470020004,221353778010661,2011,25,1,3,892.0,2.0,1,LOBE,1,LOBE,10,2012-02-28 08:13:24,,6,4
29989471020004,221353778010661,2011,25,1,3,892.0,3.0,2,LOBE,1,LOBE,9,2012-02-28 08:13:24,,6,4
29989472020004,221353778010661,2011,25,1,3,892.0,4.0,1,LOBE,1,LOBE,7,2012-02-28 08:13:24,,6,4
29989473020004,221353778010661,2011,25,1,3,892.0,1.0,1,RHCA3,1,RHCA3,35,2012-02-28 08:13:24,,6,4
29989474020004,221353778010661,2011,25,1,3,892.0,2.0,1,RHCA3,1,RHCA3,21,2012-02-28 08:13:24,,6,4
29989475020004,221353778010661,2011,25,1,3,892.0,3.0,1,RHCA3,1,RHCA3,3,2012-02-28 08:13:24,,6,4
29989476020004,221353778010661,2011,25,1,3,892.0,3.0,2,RHCA3,1,RHCA3,7,2012-02-28 08:13:24,,6,4
29989477020004,221353778010661,2011,25,1,3,892.0,4.0,1,RHCA3,1,RHCA3,15,2012-02-28 08:13:24,,6,4
29989509020004,221353792010661,2011,25,1,15,510.0,1.0,1,BETH,1,BETH,4,2012-02-28 08:13:31,,6,4
29989510020004,221353792010661,2011,25,1,15,510.0,2.0,1,BETH,1,BETH,1,2012-02-28 08:13:31,,6,4
29989519020004,221353796010661,2011,25,1,15,244.0,1.0,1,BETH,1,BETH,25,2012-02-28 08:13:31,,6,4
29989520020004,221353796010661,2011,25,1,15,244.0,2.0,1,BETH,1,BETH,8,2012-02-28 08:13:31,,6,4
29989521020004,221353796010661,2011,25,1,15,244.0,3.0,1,BETH,1,BETH,24,2012-02-28 08:13:31,,6,4
29989522020004,221353796010661,2011,25,1,15,244.0,4.0,1,BETH,1,BETH,75,2012-02-28 08:13:31,,6,4
29989523020004,221353796010661,2011,25,1,15,244.0,1.0,1,CEOR7,1,CEOR7,2,2012-02-28 08:13:31,,6,4
29989524020004,221353796010661,2011,25,1,15,244.0,2.0,1,LIVU,1,LIVU,1,2012-02-28 08:13:31,,6,4
29989525020004,221353796010661,2011,25,1,15,244.0,4.0,1,LOBE,1,LOBE,17,2012-02-28 08:13:31,,6,4
29989526020004,221353796010661,2011,25,1,15,244.0,1.0,1,MIVI,1,MIVI,1,2012-02-28 08:13:31,,6,4
29989527020004,221353796010661,2011,25,1,15,244.0,3.0,1,MIVI,1,MIVI,4,2012-02-28 08:13:31,,6,4
29989528020004,221353796010661,2011,25,1,15,244.0,1.0,1,RHCA3,1,RHCA3,1,2012-02-28 08:13:31,,6,4
29989529020004,221353796010661,2011,25,1,15,244.0,1.0,1,ROMU,1,ROMU,2,2012-02-28 08:13:31,,6,4
29989547020004,221353804010661,2011,25,1,3,656.0,2.0,2,BETH,1,BETH,15,2012-02-28 08:13:33,,6,4
29989548020004,221353804010661,2011,25,1,3,656.0,2.0,2,RHCA3,1,RHCA3,14,2012-02-28 08:13:33,,6,4
29989549020004,221353804010661,2011,25,1,3,656.0,4.0,2,RHCA3,1,RHCA3,20,2012-02-28 08:13:33,,6,4
29989550020004,221353804010661,2011,25,1,3,656.0,2.0,2,ROMU,1,ROMU,12,2012-02-28 08:13:33,,6,4
29989551020004,221353804010661,2011,25,1,3,656.0,4.0,2,ROMU,1,ROMU,8,2012-02-28 08:13:33,,6,4
198411765020004,247057475010661,2012,25,1,21,1060.0,4.0,2,CEOR7,1,CEOR7,1,2013-05-13 14:50:56,,6,5
198411766020004,247057475010661,2012,25,1,21,1060.0,4.0,2,LOTA,1,LOTA,1,2013-05-13 14:50:56,,6,5
198411767020004,247057475010661,2012,25,1,21,1060.0,4.0,2,RHCA3,1,RHCA3,5,2013-05-13 14:50:56,,6,5
198411768020004,247057475010661,2012,25,1,21,1060.0,4.0,2,ROMU,1,ROMU,7,2013-05-13 14:50:56,,6,5
198411982020004,247057419010661,2012,25,1,11,851.0,1.0,1,FRAL4,1,FRAL4,3,2013-05-13 14:50:59,,6,5
198411983020004,247057419010661,2012,25,1,11,851.0,2.0,1,FRAL4,1,FRAL4,5,2013-05-13 14:50:59,,6,5
198411984020004,247057419010661,2012,25,1,11,851.0,3.0,1,FRAL4,1,FRAL4,5,2013-05-13 14:50:59,,6,5
198411985020004,247057419010661,2012,25,1,11,851.0,4.0,1,FRAL4,1,FRAL4,30,2013-05-13 14:50:59,,6,5
198412364020004,247057512010661,2012,25,1,23,657.0,1.0,1,ACPL,1,ACPL,1,2013-05-13 14:51:06,,6,5
198413123020004,247057540010661,2012,25,1,27,1055.0,1.0,1,FRAL4,1,FRAL4,1,2013-05-13 14:51:13,,6,5
198413124020004,247057540010661,2012,25,1,27,1055.0,4.0,1,FRAL4,1,FRAL4,1,2013-05-13 14:51:13,,6,5
251790316489998,14520746020004,2013,25,1,23,539.0,1.0,1,FRAL4,1,FRAL4,1,2014-04-22 11:54:02,,7,1
309990090489998,168262700020004,2014,25,1,17,436.0,3.0,1,FRAL4,1,FRAL4,5,2015-03-04 11:16:39,,7,2
309990091489998,168262700020004,2014,25,1,17,436.0,2.0,1,ROMU,1,ROMU,2,2015-03-04 11:16:39,,7,2
309990092489998,168262700020004,2014,25,1,17,436.0,4.0,1,ROMU,1,ROMU,1,2015-03-04 11:16:39,,7,2
372925223489998,245793515489998,2015,25,1,21,1197.0,3.0,2,BETH,1,BETH,1,2016-02-10 14:32:25,,7,3
372925288489998,168262734020004,2015,25,1,15,67.0,1.0,1,BETH,1,BETH,2,2016-02-10 14:32:26,,7,3
372925289489998,168262734020004,2015,25,1,15,67.0,1.0,1,CEOR7,1,CEOR7,1,2016-02-10 14:32:26,,7,3
372925290489998,168262734020004,2015,25,1,15,67.0,4.0,1,CEOR7,1,CEOR7,2,2016-02-10 14:32:26,,7,3
372926129489998,168262661020004,2015,25,1,21,1151.0,4.0,2,CEOR7,1,CEOR7,15,2016-02-10 14:32:35,,7,3
372926130489998,168262661020004,2015,25,1,21,1151.0,4.0,2,LONIC,1,LONIC,35,2016-02-10 14:32:35,,7,3
372926430489998,245793520489998,2015,25,1,27,1136.0,1.0,1,FRAL4,1,FRAL4,5,2016-02-10 14:32:39,,7,3
372926431489998,245793520489998,2015,25,1,27,1136.0,2.0,1,FRAL4,1,FRAL4,35,2016-02-10 14:32:39,,7,3
372926432489998,245793520489998,2015,25,1,27,1136.0,4.0,1,FRAL4,1,FRAL4,2,2016-02-10 14:32:39,,7,3
372926731489998,168262782020004,2015,25,1,9,357.0,3.0,1,BETH,1,BETH,1,2016-02-10 14:32:41,,7,3
372926732489998,168262782020004,2015,25,1,9,357.0,2.0,1,BEVU,1,BEVU,1,2016-02-10 14:32:41,,7,3
372926733489998,168262782020004,2015,25,1,9,357.0,3.0,1,FRAL4,1,FRAL4,1,2016-02-10 14:32:41,,7,3
373666651489998,168262747020004,2015,25,1,3,975.0,1.0,1,BETH,1,BETH,1,2016-02-17 13:59:45,,7,3
373666652489998,168262747020004,2015,25,1,3,975.0,2.0,1,RHCA3,1,RHCA3,2,2016-02-17 13:59:45,,7,3
373666787489998,245793538489998,2015,25,1,3,1021.0,3.0,1,FRAL4,1,FRAL4,1,2016-02-17 13:59:49,,7,3
467829478489998,304151951489998,2016,25,1,3,892.0,2.0,1,BETH,1,BETH,1,2017-04-25 11:56:26,,7,4
467829479489998,304151951489998,2016,25,1,3,892.0,3.0,1,BETH,1,BETH,5,2017-04-25 11:56:26,,7,4
467829480489998,304151951489998,2016,25,1,3,892.0,3.0,2,BETH,1,BETH,10,2017-04-25 11:56:26,,7,4
467829481489998,304151951489998,2016,25,1,3,892.0,4.0,1,BETH,1,BETH,20,2017-04-25 11:56:26,,7,4
467829482489998,304151951489998,2016,25,1,3,892.0,1.0,1,CEOR7,1,CEOR7,1,2017-04-25 11:56:26,,7,4
467829483489998,304151951489998,2016,25,1,3,892.0,3.0,1,CEOR7,1,CEOR7,2,2017-04-25 11:56:26,,7,4
467829484489998,304151951489998,2016,25,1,3,892.0,3.0,2,CEOR7,1,CEOR7,7,2017-04-25 11:56:26,,7,4
467829485489998,304151951489998,2016,25,1,3,892.0,4.0,1,CEOR7,1,CEOR7,2,2017-04-25 11:56:26,,7,4
467829486489998,304151951489998,2016,25,1,3,892.0,1.0,1,LONIC,1,LONIC,11,2017-04-25 11:56:26,,7,4
467829487489998,304151951489998,2016,25,1,3,892.0,2.0,1,LONIC,1,LONIC,10,2017-04-25 11:56:26,,7,4
467829488489998,304151951489998,2016,25,1,3,892.0,3.0,2,LONIC,1,LONIC,2,2017-04-25 11:56:26,,7,4
467829489489998,304151951489998,2016,25,1,3,892.0,4.0,1,LONIC,1,LONIC,3,2017-04-25 11:56:26,,7,4
467829490489998,304151951489998,2016,25,1,3,892.0,1.0,1,RHCA3,1,RHCA3,25,2017-04-25 11:56:26,,7,4
467829491489998,304151951489998,2016,25,1,3,892.0,2.0,1,RHCA3,1,RHCA3,4,2017-04-25 11:56:27,,7,4
467829492489998,304151951489998,2016,25,1,3,892.0,3.0,1,RHCA3,1,RHCA3,5,2017-04-25 11:56:27,,7,4
467829493489998,304151951489998,2016,25,1,3,892.0,3.0,2,RHCA3,1,RHCA3,3,2017-04-25 11:56:27,,7,4
467829494489998,304151951489998,2016,25,1,3,892.0,4.0,1,RHCA3,1,RHCA3,10,2017-04-25 11:56:27,,7,4
467830369489998,304152068489998,2016,25,1,11,546.0,1.0,1,CEOR7,1,CEOR7,2,2017-04-25 11:56:38,,7,4
467830370489998,304152068489998,2016,25,1,11,546.0,2.0,1,CEOR7,1,CEOR7,1,2017-04-25 11:56:38,,7,4
467830371489998,304152068489998,2016,25,1,11,546.0,1.0,1,LONIC,1,LONIC,5,2017-04-25 11:56:38,,7,4
467830372489998,304152068489998,2016,25,1,11,546.0,2.0,1,LONIC,1,LONIC,10,2017-04-25 11:56:38,,7,4
467830373489998,304152068489998,2016,25,1,11,546.0,3.0,1,LONIC,1,LONIC,2,2017-04-25 11:56:38,,7,4
467830374489998,304152068489998,2016,25,1,11,546.0,2.0,1,RHCA3,1,RHCA3,4,2017-04-25 11:56:38,,7,4
467830375489998,304152068489998,2016,25,1,11,546.0,1.0,1,ROMU,1,ROMU,1,2017-04-25 11:56:38,,7,4
467830670489998,304152036489998,2016,25,1,17,410.0,1.0,2,CEOR7,1,CEOR7,1,2017-04-25 11:56:40,,7,4
467830671489998,304152036489998,2016,25,1,17,410.0,1.0,2,FRAL4,1,FRAL4,17,2017-04-25 11:56:40,,7,4
467830672489998,304152036489998,2016,25,1,17,410.0,1.0,3,FRAL4,1,FRAL4,4,2017-04-25 11:56:40,,7,4
467830673489998,304152036489998,2016,25,1,17,410.0,2.0,3,FRAL4,1,FRAL4,10,2017-04-25 11:56:40,,7,4
467830674489998,304152036489998,2016,25,1,17,410.0,3.0,2,FRAL4,1,FRAL4,25,2017-04-25 11:56:40,,7,4
1697548362290487,1093594114290487,2023,25,1,3,892.0,2.0,1,CEOR7,1,CEOR7,1,2024-12-04 08:11:08,,8,5
1697548363290487,1093594114290487,2023,25,1,3,892.0,3.0,1,CEOR7,1,CEOR7,1,2024-12-04 08:11:08,,8,5
1697548364290487,1093594114290487,2023,25,1,3,892.0,3.0,2,CEOR7,1,CEOR7,11,2024-12-04 08:11:08,,8,5
1697548365290487,1093594114290487,2023,25,1,3,892.0,4.0,1,CEOR7,1,CEOR7,1,2024-12-04 08:11:08,,8,5
1697548366290487,1093594114290487,2023,25,1,3,892.0,1.0,1,FRAL4,1,FRAL4,5,2024-12-04 08:11:08,,8,5
1697548367290487,1093594114290487,2023,25,1,3,892.0,1.0,1,LONIC,1,LONIC,5,2024-12-04 08:11:08,,8,5
1697548368290487,1093594114290487,2023,25,1,3,892.0,3.0,2,LONIC,1,LONIC,2,2024-12-04 08:11:08,,8,5
1697548369290487,1093594114290487,2023,25,1,3,892.0,4.0,1,LONIC,1,LONIC,3,2024-12-04 08:11:08,,8,5
1697548370290487,1093594114290487,2023,25,1,3,892.0,1.0,1,LYNU,1,LYNU,60,2024-12-04 08:11:08,,8,5
1697548371290487,1093594114290487,2023,25,1,3,892.0,2.0,1,LYNU,1,LYNU,5,2024-12-04 08:11:08,,8,5
1697548372290487,1093594114290487,2023,25,1,3,892.0,4.0,1,LYNU,1,LYNU,65,2024-12-04 08:11:08,,8,5
1697548373290487,1093594114290487,2023,25,1,3,892.0,1.0,1,RHCA3,1,RHCA3,35,2024-12-04 08:11:08,,8,5
1697548374290487,1093594114290487,2023,25,1,3,892.0,2.0,1,RHCA3,1,RHCA3,11,2024-12-04 08:11:08,,8,5
1697548375290487,1093594114290487,2023,25,1,3,892.0,3.0,1,RHCA3,1,RHCA3,10,2024-12-04 08:11:08,,8,5
1697548376290487,1093594114290487,2023,25,1,3,892.0,3.0,2,RHCA3,1,RHCA3,25,2024-12-04 08:11:08,,8,5
467830675489998,304152036489998,2016,25,1,17,410.0,4.0,3,FRAL4,1,FRAL4,30,2017-04-25 11:56:40,,7,4
222850286010661,122556305010661,2007,25,1,21,853.0,3.0,1,RHCA3,1,RHCA3,3,2010-03-01 10:57:17,2012-02-28 07:12:51,5,5
222850284010661,122556305010661,2007,25,1,21,853.0,4.0,1,FRAL4,1,FRAL4,5,2010-03-01 10:57:17,2012-02-28 07:13:46,5,5
222850268010661,122556367010661,2007,25,1,17,322.0,4.0,1,CEOR7,1,CEOR7,3,2010-03-01 10:57:17,2012-02-28 07:13:43,5,5
222850302010661,122556371010661,2007,25,1,27,1169.0,4.0,1,ELUM,1,ELUM,5,2010-03-01 10:57:17,2012-02-28 07:14:40,5,5
222850303010661,122556371010661,2007,25,1,27,1169.0,4.0,1,ROMU,1,ROMU,2,2010-03-01 10:57:17,2012-02-28 07:12:21,5,5
222850291010661,122556309010661,2007,25,1,21,1060.0,1.0,1,BETH,1,BETH,1,2010-03-01 10:57:17,2012-02-28 07:02:37,5,5
222850290010661,122556309010661,2007,25,1,21,1060.0,3.0,1,ACPL,1,ACPL,15,2010-03-01 10:57:17,2012-02-28 07:06:38,5,5
222850294010661,122556309010661,2007,25,1,21,1060.0,3.0,1,POCU6,1,POCU6,75,2010-03-01 10:57:17,2012-02-28 07:02:51,5,5
222850296010661,122556309010661,2007,25,1,21,1060.0,3.0,1,ROMU,1,ROMU,10,2010-03-01 10:57:17,2012-02-28 07:05:43,5,5
222850293010661,122556309010661,2007,25,1,21,1060.0,4.0,1,LONIC,1,LONIC,3,2010-03-01 10:57:17,2012-02-28 07:02:56,5,5
222850297010661,122556309010661,2007,25,1,21,1060.0,4.0,1,ROMU,1,ROMU,5,2010-03-01 10:57:17,2012-02-28 07:05:57,5,5
222850292010661,122556309010661,2007,25,1,21,1060.0,1.0,1,LONIC,1,LONIC,8,2010-03-01 10:57:17,2012-02-28 07:03:09,5,5
222850295010661,122556309010661,2007,25,1,21,1060.0,1.0,1,ROMU,1,ROMU,5,2010-03-01 10:57:17,2012-02-28 07:06:38,5,5
222850301010661,122556223010661,2007,25,1,23,568.0,1.0,1,FRAL4,1,FRAL4,1,2010-03-01 10:57:17,2012-02-28 07:13:40,5,5
222850233010661,122556531010661,2007,25,1,3,1094.0,4.0,1,BETH,1,BETH,10,2010-03-01 10:57:17,2012-02-28 07:12:47,5,5
222850238010661,122556233010661,2007,25,1,5,608.0,3.0,1,CEOR7,1,CEOR7,5,2010-03-01 10:57:17,2012-02-28 07:13:14,5,5
222850315010661,116424745010661,2008,25,1,27,1092.0,1.0,1,ACPL,1,ACPL,25,2010-03-01 10:57:25,2012-02-28 07:12:03,6,1
222850317010661,116424745010661,2008,25,1,27,1092.0,1.0,1,CEOR7,1,CEOR7,3,2010-03-01 10:57:25,2012-02-28 07:12:03,6,1
222850320010661,116424745010661,2008,25,1,27,1092.0,1.0,1,LOMO2,1,LOMO2,1,2010-03-01 10:57:25,2012-02-28 07:13:23,6,1
222850323010661,116424745010661,2008,25,1,27,1092.0,1.0,1,ROMU,1,ROMU,7,2010-03-01 10:57:25,2012-02-28 07:12:55,6,1
222850316010661,116424745010661,2008,25,1,27,1092.0,3.0,1,ACPL,1,ACPL,7,2010-03-01 10:57:25,2012-02-28 07:12:03,6,1
222850318010661,116424745010661,2008,25,1,27,1092.0,3.0,1,CEOR7,1,CEOR7,3,2010-03-01 10:57:25,2012-02-28 07:12:03,6,1
222850321010661,116424745010661,2008,25,1,27,1092.0,3.0,1,LONIC,1,LONIC,5,2010-03-01 10:57:25,2012-02-28 07:12:55,6,1
222850324010661,116424745010661,2008,25,1,27,1092.0,3.0,1,ROMU,1,ROMU,20,2010-03-01 10:57:25,2012-02-28 07:12:55,6,1
222850319010661,116424745010661,2008,25,1,27,1092.0,4.0,1,CEOR7,1,CEOR7,2,2010-03-01 10:57:25,2012-02-28 07:12:03,6,1
222850322010661,116424745010661,2008,25,1,27,1092.0,4.0,1,LONIC,1,LONIC,6,2010-03-01 10:57:25,2012-02-28 07:12:55,6,1
222850325010661,116424745010661,2008,25,1,27,1092.0,4.0,1,ROMU,1,ROMU,1,2010-03-01 10:57:25,2012-02-28 07:12:55,6,1
222850309010661,116424829010661,2008,25,1,13,1217.0,1.0,1,BETH,1,BETH,4,2010-03-01 10:57:25,2012-02-28 07:12:28,6,1
222850306010661,116424897010661,2008,25,1,11,28.0,4.0,3,FRAL4,1,FRAL4,1,2010-03-01 10:57:25,2012-02-28 07:06:37,6,1
222850307010661,116424897010661,2008,25,1,11,28.0,4.0,3,ROPS,1,ROPS,7,2010-03-01 10:57:25,2012-02-28 07:06:37,6,1
222850313010661,116424937010661,2008,25,1,27,1193.0,3.0,2,ACPL,1,ACPL,10,2010-03-01 10:57:25,2012-02-28 07:11:38,6,1
222850314010661,116424937010661,2008,25,1,27,1193.0,3.0,2,BETH,1,BETH,1,2010-03-01 10:57:25,2012-02-28 07:11:38,6,1
222850311010661,116424951010661,2008,25,1,15,679.0,4.0,2,BETH,1,BETH,1,2010-03-01 10:57:25,2012-02-29 11:15:31,6,1
222850308010661,116424833010661,2008,25,1,11,137.0,2.0,1,ROMU,1,ROMU,4,2010-03-01 10:57:25,2012-02-28 07:14:21,6,1
222850305010661,116424621010661,2008,25,1,1,1017.0,4.0,1,ROMU,1,ROMU,1,2010-03-01 10:57:25,2012-02-28 07:12:57,6,1
225726277010661,144997552010661,2009,25,1,15,889.0,2.0,1,RHCA3,1,RHCA3,10,2010-06-01 13:29:58,2012-02-28 07:11:47,6,2
225726278010661,144997552010661,2009,25,1,15,889.0,4.0,2,RHCA3,1,RHCA3,5,2010-06-01 13:29:58,2012-02-28 07:11:47,6,2
225726729010661,144992463010661,2009,25,1,5,442.0,1.0,2,CEOR7,1,CEOR7,1,2010-06-01 13:30:09,2012-02-28 07:11:47,6,2
225726731010661,144992463010661,2009,25,1,5,442.0,1.0,2,RHCA3,1,RHCA3,1,2010-06-01 13:30:09,2012-02-28 07:14:27,6,2
225726730010661,144992463010661,2009,25,1,5,442.0,2.0,2,CEOR7,1,CEOR7,5,2010-06-01 13:30:09,2012-02-28 07:11:47,6,2
225726478010661,144997630010661,2009,25,1,19,1073.0,2.0,2,CYLO11,1,CYLO11,1,2010-06-01 13:30:03,2012-02-28 07:07:03,6,2
225726479010661,144997630010661,2009,25,1,19,1073.0,3.0,2,LIVU,1,LIVU,2,2010-06-01 13:30:04,2012-02-28 07:07:18,6,2
225726937010661,144993601010661,2009,25,1,27,835.0,1.0,1,ROMU,1,ROMU,15,2010-06-01 13:30:12,2012-02-28 07:13:01,6,2
225726935010661,144993601010661,2009,25,1,27,835.0,2.0,2,CEOR7,1,CEOR7,5,2010-06-01 13:30:12,2012-02-28 07:14:54,6,2
225726936010661,144993601010661,2009,25,1,27,835.0,2.0,2,RHCA3,1,RHCA3,1,2010-06-01 13:30:12,2012-02-28 07:14:54,6,2
225726938010661,144993601010661,2009,25,1,27,835.0,2.0,2,ROMU,1,ROMU,15,2010-06-01 13:30:12,2012-02-28 07:13:01,6,2
225726386010661,144997602010661,2009,25,1,11,26.0,2.0,1,LONIC,1,LONIC,1,2010-06-01 13:30:01,2012-02-29 11:15:32,6,2
225726387010661,144997602010661,2009,25,1,11,26.0,4.0,1,LONIC,1,LONIC,1,2010-06-01 13:30:01,2012-02-29 11:15:32,6,2
225726420010661,144997618010661,2009,25,1,3,528.0,1.0,1,BETH,1,BETH,20,2010-06-01 13:30:03,2012-02-28 07:13:01,6,2
225726424010661,144997618010661,2009,25,1,3,528.0,1.0,1,CEOR7,1,CEOR7,2,2010-06-01 13:30:03,2012-02-28 07:13:55,6,2
225726428010661,144997618010661,2009,25,1,3,528.0,1.0,1,FRAL4,1,FRAL4,1,2010-06-01 13:30:03,2012-02-28 07:13:29,6,2
225726429010661,144997618010661,2009,25,1,3,528.0,1.0,1,LOBE,1,LOBE,3,2010-06-01 13:30:03,2012-02-28 07:13:01,6,2
225726431010661,144997618010661,2009,25,1,3,528.0,1.0,1,RHCA3,1,RHCA3,1,2010-06-01 13:30:03,2012-02-28 07:11:43,6,2
225726421010661,144997618010661,2009,25,1,3,528.0,2.0,1,BETH,1,BETH,30,2010-06-01 13:30:03,2012-02-28 07:13:01,6,2
225726425010661,144997618010661,2009,25,1,3,528.0,2.0,1,CEOR7,1,CEOR7,1,2010-06-01 13:30:03,2012-02-28 07:13:55,6,2
225726422010661,144997618010661,2009,25,1,3,528.0,3.0,1,BETH,1,BETH,65,2010-06-01 13:30:03,2012-02-28 07:13:01,6,2
225726426010661,144997618010661,2009,25,1,3,528.0,3.0,1,CEOR7,1,CEOR7,30,2010-06-01 13:30:03,2012-02-28 07:13:55,6,2
225726430010661,144997618010661,2009,25,1,3,528.0,3.0,1,LOBE,1,LOBE,15,2010-06-01 13:30:03,2012-02-28 07:13:01,6,2
225726432010661,144997618010661,2009,25,1,3,528.0,3.0,1,RHCA3,1,RHCA3,20,2010-06-01 13:30:03,2012-02-28 07:11:43,6,2
225726423010661,144997618010661,2009,25,1,3,528.0,4.0,1,BETH,1,BETH,25,2010-06-01 13:30:03,2012-02-28 07:13:01,6,2
225726427010661,144997618010661,2009,25,1,3,528.0,4.0,1,CEOR7,1,CEOR7,5,2010-06-01 13:30:03,2012-02-28 07:13:55,6,2
225726433010661,144997618010661,2009,25,1,3,528.0,4.0,1,RHCA3,1,RHCA3,1,2010-06-01 13:30:03,2012-02-28 07:11:43,6,2
225726638010661,144992427010661,2009,25,1,1,633.0,1.0,1,CEOR7,1,CEOR7,7,2010-06-01 13:30:07,2012-02-28 07:13:29,6,2
225726637010661,144992427010661,2009,25,1,1,633.0,4.0,1,BETH,1,BETH,1,2010-06-01 13:30:07,2012-02-28 07:12:35,6,2
225726639010661,144992427010661,2009,25,1,1,633.0,4.0,1,FRAL4,1,FRAL4,1,2010-06-01 13:30:07,2012-02-28 07:13:55,6,2
225726640010661,144992427010661,2009,25,1,1,633.0,4.0,1,LONIC,1,LONIC,10,2010-06-01 13:30:07,2012-02-28 07:11:43,6,2
225726657010661,144992433010661,2009,25,1,23,900.0,1.0,1,CEOR7,1,CEOR7,7,2010-06-01 13:30:07,2012-02-28 07:13:29,6,2
225726659010661,144992433010661,2009,25,1,23,900.0,1.0,1,FRAL4,1,FRAL4,1,2010-06-01 13:30:07,2012-02-28 07:14:54,6,2
225726662010661,144992433010661,2009,25,1,23,900.0,1.0,1,LONIC,1,LONIC,1,2010-06-01 13:30:07,2012-02-28 07:14:24,6,2
225726658010661,144992433010661,2009,25,1,23,900.0,2.0,1,CEOR7,1,CEOR7,1,2010-06-01 13:30:07,2012-02-28 07:13:29,6,2
225726660010661,144992433010661,2009,25,1,23,900.0,2.0,1,FRAL4,1,FRAL4,1,2010-06-01 13:30:07,2012-02-28 07:14:54,6,2
225726661010661,144992433010661,2009,25,1,23,900.0,3.0,1,FRAL4,1,FRAL4,1,2010-06-01 13:30:07,2012-02-28 07:14:54,6,2
225726663010661,144992433010661,2009,25,1,23,900.0,3.0,1,LONIC,1,LONIC,2,2010-06-01 13:30:07,2012-02-28 07:14:24,6,2
225726664010661,144992433010661,2009,25,1,23,900.0,4.0,1,RHCA3,1,RHCA3,5,2010-06-01 13:30:07,2012-02-28 07:12:08,6,2
225726452010661,144997624010661,2009,25,1,3,1131.0,1.0,1,BEVU,1,BEVU,1,2010-06-01 13:30:03,2012-02-28 07:12:09,6,2
225726454010661,144997624010661,2009,25,1,3,1131.0,1.0,1,CEOR7,1,CEOR7,25,2010-06-01 13:30:03,2012-02-28 07:13:02,6,2
225726457010661,144997624010661,2009,25,1,3,1131.0,1.0,1,LONIC,1,LONIC,10,2010-06-01 13:30:03,2012-02-28 07:14:55,6,2
225726447010661,144997624010661,2009,25,1,3,1131.0,3.0,1,ALPE4,1,ALPE4,12,2010-06-01 13:30:03,2012-02-28 07:13:02,6,2
225726450010661,144997624010661,2009,25,1,3,1131.0,3.0,1,BETH,1,BETH,14,2010-06-01 13:30:03,2012-02-28 07:13:30,6,2
225726455010661,144997624010661,2009,25,1,3,1131.0,3.0,1,CEOR7,1,CEOR7,14,2010-06-01 13:30:03,2012-02-28 07:13:02,6,2
225726458010661,144997624010661,2009,25,1,3,1131.0,3.0,1,LONIC,1,LONIC,10,2010-06-01 13:30:03,2012-02-28 07:14:55,6,2
225726460010661,144997624010661,2009,25,1,3,1131.0,3.0,1,RHCA3,1,RHCA3,1,2010-06-01 13:30:03,2012-02-28 07:13:30,6,2
225726461010661,144997624010661,2009,25,1,3,1131.0,3.0,1,ROMU,1,ROMU,20,2010-06-01 13:30:03,2012-02-28 07:14:25,6,2
225726448010661,144997624010661,2009,25,1,3,1131.0,4.0,1,ALPE4,1,ALPE4,7,2010-06-01 13:30:03,2012-02-28 07:13:02,6,2
225726451010661,144997624010661,2009,25,1,3,1131.0,4.0,1,BETH,1,BETH,25,2010-06-01 13:30:03,2012-02-28 07:13:30,6,2
225726453010661,144997624010661,2009,25,1,3,1131.0,4.0,1,BEVU,1,BEVU,1,2010-06-01 13:30:03,2012-02-28 07:12:09,6,2
225726456010661,144997624010661,2009,25,1,3,1131.0,4.0,1,CEOR7,1,CEOR7,25,2010-06-01 13:30:03,2012-02-28 07:13:02,6,2
225726459010661,144997624010661,2009,25,1,3,1131.0,4.0,1,LONIC,1,LONIC,5,2010-06-01 13:30:03,2012-02-28 07:14:55,6,2
225726462010661,144997624010661,2009,25,1,3,1131.0,4.0,1,ROMU,1,ROMU,2,2010-06-01 13:30:03,2012-02-28 07:14:25,6,2
225726449010661,144997624010661,2009,25,1,3,1131.0,1.0,1,BETH,1,BETH,15,2010-06-01 13:30:03,2012-02-28 07:13:30,6,2
225726799010661,144992495010661,2009,25,1,9,357.0,2.0,1,BEVU,1,BEVU,1,2010-06-01 13:30:10,2012-02-29 11:15:32,6,2
225726798010661,144992495010661,2009,25,1,9,357.0,3.0,1,BETH,1,BETH,1,2010-06-01 13:30:10,2012-02-29 11:15:32,6,2
225726800010661,144992495010661,2009,25,1,9,357.0,3.0,1,RHCA3,1,RHCA3,1,2010-06-01 13:30:10,2012-02-29 11:15:32,6,2
225726801010661,144992495010661,2009,25,1,9,357.0,4.0,1,RHCA3,1,RHCA3,1,2010-06-01 13:30:10,2012-02-29 11:15:32,6,2
222850283010661,122556305010661,2007,25,1,21,853.0,3.0,1,FRAL4,1,FRAL4,2,2010-03-01 10:57:17,2012-02-28 07:13:46,5,5
1697548378290487,1093594114290487,2023,25,1,3,892.0,4.0,1,ROMU,1,ROMU,11,2024-12-04 08:11:08,,8,5
1697548552290487,1093594128290487,2023,25,1,3,14.0,1.0,1,BETH,1,BETH,6,2024-12-04 08:11:08,,8,5
1697548553290487,1093594128290487,2023,25,1,3,14.0,4.0,1,BETH,1,BETH,1,2024-12-04 08:11:08,,8,5
1809200914290487,1285456641290487,2024,25,1,17,994.0,3.0,2,BETH,1,BETH,2,2025-03-11 11:33:00,,8,6
1809200915290487,1285456641290487,2024,25,1,17,994.0,1.0,2,CEOR7,1,CEOR7,3,2025-03-11 11:33:00,,8,6
1809200916290487,1285456641290487,2024,25,1,17,994.0,3.0,2,CEOR7,1,CEOR7,35,2025-03-11 11:33:00,,8,6
1809200917290487,1285456641290487,2024,25,1,17,994.0,3.0,2,ELUM,1,ELUM,10,2025-03-11 11:33:00,,8,6
1809200918290487,1285456641290487,2024,25,1,17,994.0,1.0,2,FRAL4,1,FRAL4,5,2025-03-11 11:33:00,,8,6
1809200919290487,1285456641290487,2024,25,1,17,994.0,3.0,2,FRAL4,1,FRAL4,1,2025-03-11 11:33:00,,8,6
1809200920290487,1285456641290487,2024,25,1,17,994.0,1.0,2,LONIC,1,LONIC,2,2025-03-11 11:33:00,,8,6
1809200921290487,1285456641290487,2024,25,1,17,994.0,3.0,2,LONIC,1,LONIC,20,2025-03-11 11:33:00,,8,6
1809200922290487,1285456641290487,2024,25,1,17,994.0,1.0,2,ROMU,1,ROMU,1,2025-03-11 11:33:00,,8,6
1809200923290487,1285456641290487,2024,25,1,17,994.0,3.0,2,ROMU,1,ROMU,5,2025-03-11 11:33:00,,8,6
1809201508290487,1285456645290487,2024,25,1,17,25.0,4.0,2,ALPE4,1,ALPE4,2,2025-03-11 11:33:02,,8,6
1809201509290487,1285456645290487,2024,25,1,17,25.0,3.0,2,CEOR7,1,CEOR7,15,2025-03-11 11:33:02,,8,6
1809201510290487,1285456645290487,2024,25,1,17,25.0,4.0,2,CEOR7,1,CEOR7,85,2025-03-11 11:33:02,,8,6
1809201511290487,1285456645290487,2024,25,1,17,25.0,3.0,2,ELUM,1,ELUM,1,2025-03-11 11:33:02,,8,6
1809201512290487,1285456645290487,2024,25,1,17,25.0,3.0,2,LIVU,1,LIVU,1,2025-03-11 11:33:02,,8,6
1809201513290487,1285456645290487,2024,25,1,17,25.0,3.0,2,LONIC,1,LONIC,1,2025-03-11 11:33:02,,8,6
1809201514290487,1285456645290487,2024,25,1,17,25.0,4.0,2,LONIC,1,LONIC,30,2025-03-11 11:33:02,,8,6
1809201515290487,1285456645290487,2024,25,1,17,25.0,4.0,2,RHCA3,1,RHCA3,10,2025-03-11 11:33:02,,8,6
1809201516290487,1285456645290487,2024,25,1,17,25.0,3.0,2,ROMU,1,ROMU,1,2025-03-11 11:33:02,,8,6
1809201517290487,1285456645290487,2024,25,1,17,25.0,4.0,2,ROMU,1,ROMU,4,2025-03-11 11:33:02,,8,6
1809201582290487,1285456663290487,2024,25,1,27,606.0,3.0,1,FRAL4,1,FRAL4,11,2025-03-11 11:33:02,,8,6
1809201810290487,1285456665290487,2024,25,1,13,382.0,2.0,1,RHCA3,1,RHCA3,1,2025-03-11 11:33:03,,8,6
1809201979290487,1285456687290487,2024,25,1,27,718.0,2.0,1,CEOR7,1,CEOR7,1,2025-03-11 11:33:03,,8,6
1809201980290487,1285456687290487,2024,25,1,27,718.0,3.0,1,FRAL4,1,FRAL4,1,2025-03-11 11:33:03,,8,6
1697548377290487,1093594114290487,2023,25,1,3,892.0,4.0,1,RHCA3,1,RHCA3,30,2024-12-04 08:11:08,,8,5
1965309953290487,1542815362290487,2025,25,1,21,1060.0,4.0,2,ACPL,1,ACPL,10,2026-05-18 12:59:08,,8,7
1965309954290487,1542815362290487,2025,25,1,21,1060.0,4.0,2,BETH,1,BETH,1,2026-05-18 12:59:08,,8,7
1965309955290487,1542815362290487,2025,25,1,21,1060.0,4.0,2,CEOR7,1,CEOR7,10,2026-05-18 12:59:08,,8,7
1965309956290487,1542815362290487,2025,25,1,21,1060.0,4.0,2,LOJA,1,LOJA,3,2026-05-18 12:59:08,,8,7
1965309957290487,1542815362290487,2025,25,1,21,1060.0,4.0,2,RHCA3,1,RHCA3,3,2026-05-18 12:59:08,,8,7
1965309958290487,1542815362290487,2025,25,1,21,1060.0,4.0,2,ROMU,1,ROMU,1,2026-05-18 12:59:08,,8,7
1965310015290487,1542815652290487,2025,25,1,15,876.0,2.0,1,FRAL4,1,FRAL4,1,2026-05-18 12:59:08,,8,7
1965310016290487,1542815652290487,2025,25,1,15,876.0,4.0,1,FRAL4,1,FRAL4,1,2026-05-18 12:59:08,,8,7
1965309306290487,1542815641290487,2025,25,1,23,657.0,1.0,1,CEOR7,1,CEOR7,1,2026-05-18 12:59:07,,8,7
1965309612290487,1542815355290487,2025,25,1,9,460.0,1.0,1,FRAL4,1,FRAL4,2,2026-05-18 12:59:07,,8,7
1965309613290487,1542815355290487,2025,25,1,9,460.0,2.0,1,FRAL4,1,FRAL4,1,2026-05-18 12:59:07,,8,7
1965309614290487,1542815355290487,2025,25,1,9,460.0,4.0,1,FRAL4,1,FRAL4,1,2026-05-18 12:59:07,,8,7
1965309615290487,1542815355290487,2025,25,1,9,460.0,1.0,1,RHCA3,1,RHCA3,1,2026-05-18 12:59:07,,8,7
248067937010661,168976672010661,2010,25,1,1,1040.0,3.0,2,LONIC,1,LONIC,2,2011-04-26 10:58:00,,6,3
248068015010661,168976598010661,2010,25,1,23,811.0,1.0,2,CEOR7,1,CEOR7,10,2011-04-26 10:58:00,,6,3
248068016010661,168976598010661,2010,25,1,23,811.0,2.0,2,CEOR7,1,CEOR7,50,2011-04-26 10:58:00,,6,3
248068017010661,168976598010661,2010,25,1,23,811.0,1.0,2,FRAL4,1,FRAL4,2,2011-04-26 10:58:00,,6,3
248068018010661,168976598010661,2010,25,1,23,811.0,1.0,2,ROMU,1,ROMU,1,2011-04-26 10:58:00,,6,3
248067938010661,168976566010661,2010,25,1,3,264.0,2.0,2,BETH,1,BETH,1,2011-04-26 10:58:00,,6,3
248067939010661,168976566010661,2010,25,1,3,264.0,2.0,2,LONIC,1,LONIC,40,2011-04-26 10:58:00,,6,3
248067940010661,168976566010661,2010,25,1,3,264.0,2.0,2,RHCA3,1,RHCA3,6,2011-04-26 10:58:00,,6,3
248067941010661,168976566010661,2010,25,1,3,264.0,2.0,2,ROMU,1,ROMU,15,2011-04-26 10:58:00,,6,3
248067942010661,168976574010661,2010,25,1,3,349.0,1.0,1,ALPE4,1,ALPE4,30,2011-04-26 10:58:00,,6,3
248067943010661,168976574010661,2010,25,1,3,349.0,3.0,1,ALPE4,1,ALPE4,15,2011-04-26 10:58:00,,6,3
248067944010661,168976574010661,2010,25,1,3,349.0,4.0,1,ALPE4,1,ALPE4,10,2011-04-26 10:58:00,,6,3
248067945010661,168976574010661,2010,25,1,3,349.0,4.0,1,BETH,1,BETH,5,2011-04-26 10:58:00,,6,3
248067946010661,168976574010661,2010,25,1,3,349.0,3.0,1,CEOR7,1,CEOR7,1,2011-04-26 10:58:00,,6,3
248067947010661,168976574010661,2010,25,1,3,349.0,2.0,1,FRAL4,1,FRAL4,15,2011-04-26 10:58:00,,6,3
248067948010661,168976574010661,2010,25,1,3,349.0,3.0,1,FRAL4,1,FRAL4,5,2011-04-26 10:58:00,,6,3
248067949010661,168976574010661,2010,25,1,3,349.0,1.0,1,LONIC,1,LONIC,85,2011-04-26 10:58:00,,6,3
248067950010661,168976574010661,2010,25,1,3,349.0,2.0,1,LONIC,1,LONIC,80,2011-04-26 10:58:00,,6,3
248067951010661,168976574010661,2010,25,1,3,349.0,3.0,1,LONIC,1,LONIC,65,2011-04-26 10:58:00,,6,3
248067952010661,168976574010661,2010,25,1,3,349.0,4.0,1,LONIC,1,LONIC,35,2011-04-26 10:58:00,,6,3
248067953010661,168976574010661,2010,25,1,3,349.0,1.0,1,RHCA3,1,RHCA3,5,2011-04-26 10:58:00,,6,3
248067954010661,168976574010661,2010,25,1,3,349.0,2.0,1,RHCA3,1,RHCA3,20,2011-04-26 10:58:00,,6,3
248067955010661,168976574010661,2010,25,1,3,349.0,3.0,1,RHCA3,1,RHCA3,30,2011-04-26 10:58:00,,6,3
248067956010661,168976574010661,2010,25,1,3,349.0,1.0,1,ROMU,1,ROMU,1,2011-04-26 10:58:00,,6,3
248067957010661,168976574010661,2010,25,1,3,349.0,2.0,1,ROMU,1,ROMU,4,2011-04-26 10:58:00,,6,3
248067958010661,168976574010661,2010,25,1,3,349.0,4.0,1,ROMU,1,ROMU,1,2011-04-26 10:58:00,,6,3
248067964010661,168976534010661,2010,25,1,11,51.0,4.0,1,BETH,1,BETH,1,2011-04-26 10:58:00,,6,3
248067981010661,168976540010661,2010,25,1,15,688.0,1.0,1,BETH,1,BETH,3,2011-04-26 10:58:00,,6,3
248067982010661,168976540010661,2010,25,1,15,688.0,2.0,1,BETH,1,BETH,1,2011-04-26 10:58:00,,6,3
248067983010661,168976540010661,2010,25,1,15,688.0,3.0,1,CEOR7,1,CEOR7,5,2011-04-26 10:58:00,,6,3
248067984010661,168976540010661,2010,25,1,15,688.0,1.0,1,PHAR3,1,PHAR3,1,2011-04-26 10:58:00,,6,3
248067985010661,168976540010661,2010,25,1,15,688.0,3.0,1,PHAR3,1,PHAR3,1,2011-04-26 10:58:00,,6,3
248067986010661,168976440010661,2010,25,1,17,1061.0,1.0,1,FRAL4,1,FRAL4,20,2011-04-26 10:58:00,,6,3
248067987010661,168976440010661,2010,25,1,17,1061.0,2.0,1,FRAL4,1,FRAL4,50,2011-04-26 10:58:00,,6,3
248067988010661,168976440010661,2010,25,1,17,1061.0,3.0,1,FRAL4,1,FRAL4,10,2011-04-26 10:58:00,,6,3
248067989010661,168976440010661,2010,25,1,17,1061.0,4.0,1,FRAL4,1,FRAL4,35,2011-04-26 10:58:00,,6,3
248067990010661,168976440010661,2010,25,1,17,1061.0,3.0,1,MIVI,1,MIVI,5,2011-04-26 10:58:00,,6,3
248067991010661,168976440010661,2010,25,1,17,1061.0,2.0,1,ROMU,1,ROMU,2,2011-04-26 10:58:00,,6,3
248068000010661,168976446010661,2010,25,1,17,21.0,1.0,1,ACPL,1,ACPL,1,2011-04-26 10:58:00,,6,3
248068001010661,168976446010661,2010,25,1,17,21.0,2.0,1,ACPL,1,ACPL,4,2011-04-26 10:58:00,,6,3
248068002010661,168976446010661,2010,25,1,17,21.0,2.0,1,FRAL4,1,FRAL4,15,2011-04-26 10:58:00,,6,3
248068003010661,168976446010661,2010,25,1,17,21.0,3.0,1,FRAL4,1,FRAL4,1,2011-04-26 10:58:00,,6,3
248068004010661,168976446010661,2010,25,1,17,21.0,1.0,1,LOMO2,1,LOMO2,1,2011-04-26 10:58:00,,6,3
248068005010661,168976446010661,2010,25,1,17,21.0,2.0,1,LOMO2,1,LOMO2,1,2011-04-26 10:58:00,,6,3
248068006010661,168976446010661,2010,25,1,17,21.0,3.0,1,LOMO2,1,LOMO2,1,2011-04-26 10:58:00,,6,3
248068007010661,168976446010661,2010,25,1,17,21.0,2.0,1,ROMU,1,ROMU,4,2011-04-26 10:58:00,,6,3
248067979010661,168976502010661,2010,25,1,13,804.0,3.0,1,BETH,1,BETH,1,2011-04-26 10:58:00,,6,3
248067980010661,168976502010661,2010,25,1,13,804.0,3.0,1,ROMU,1,ROMU,1,2011-04-26 10:58:00,,6,3
248067970010661,168976506010661,2010,25,1,11,1270.0,1.0,2,BETH,1,BETH,2,2011-04-26 10:58:00,,6,3
248067971010661,168976506010661,2010,25,1,11,1270.0,2.0,2,BETH,1,BETH,1,2011-04-26 10:58:00,,6,3
248067936010661,168976672010661,2010,25,1,1,1040.0,3.0,2,CEOR7,1,CEOR7,5,2011-04-26 10:58:00,,6,3
248067973010661,168976506010661,2010,25,1,11,1270.0,4.0,3,BETH,1,BETH,10,2011-04-26 10:58:00,,6,3
248067974010661,168976506010661,2010,25,1,11,1270.0,4.0,3,BEVU,1,BEVU,1,2011-04-26 10:58:00,,6,3
248067975010661,168976506010661,2010,25,1,11,1270.0,1.0,2,CEOR7,1,CEOR7,2,2011-04-26 10:58:00,,6,3
248067976010661,168976506010661,2010,25,1,11,1270.0,3.0,2,CEOR7,1,CEOR7,8,2011-04-26 10:58:00,,6,3
248067977010661,168976506010661,2010,25,1,11,1270.0,4.0,3,CEOR7,1,CEOR7,25,2011-04-26 10:58:00,,6,3
248067978010661,168976506010661,2010,25,1,11,1270.0,4.0,3,LONIC,1,LONIC,3,2011-04-26 10:58:00,,6,3
248068019010661,168976492010661,2010,25,1,27,1136.0,1.0,1,FRAL4,1,FRAL4,1,2011-04-26 10:58:00,,6,3
248068020010661,168976492010661,2010,25,1,27,1136.0,2.0,1,FRAL4,1,FRAL4,5,2011-04-26 10:58:00,,6,3
248067992010661,168976422010661,2010,25,1,17,410.0,1.0,2,CEOR7,1,CEOR7,4,2011-04-26 10:58:00,,6,3
248067993010661,168976422010661,2010,25,1,17,410.0,1.0,3,CEOR7,1,CEOR7,1,2011-04-26 10:58:00,,6,3
248067994010661,168976422010661,2010,25,1,17,410.0,1.0,2,FRAL4,1,FRAL4,26,2011-04-26 10:58:00,,6,3
248067995010661,168976422010661,2010,25,1,17,410.0,1.0,3,FRAL4,1,FRAL4,9,2011-04-26 10:58:00,,6,3
248067996010661,168976422010661,2010,25,1,17,410.0,2.0,3,FRAL4,1,FRAL4,15,2011-04-26 10:58:00,,6,3
248067997010661,168976422010661,2010,25,1,17,410.0,3.0,2,FRAL4,1,FRAL4,15,2011-04-26 10:58:00,,6,3
248067998010661,168976422010661,2010,25,1,17,410.0,4.0,3,FRAL4,1,FRAL4,15,2011-04-26 10:58:00,,6,3
248067999010661,168976422010661,2010,25,1,17,410.0,4.0,3,ROMU,1,ROMU,1,2011-04-26 10:58:00,,6,3
248068008010661,168976388010661,2010,25,1,21,1197.0,3.0,1,BETH,1,BETH,1,2011-04-26 10:58:00,,6,3
